index,name,mfg_date_dd-mm-yy,batch_number,number_products,checked,prod_id,hash
0,sos,21-03-2012,WP500556FASD123,43,NO,WP500556FASD123000,b'^\xf5\x0f3\xee\xdd\xae\xd9\x18VFY*\xe3\xc94/\xa7\x86\xfe\xc0\xdf.\x1b\xe5\x0e\x87\xb4L$\x01p'
1,sos,21-03-2012,WP500556FASD123,43,NO,WP500556FASD123001,b'0\xb0d\x87L\x8a\xb5\xdf\x1dp\x1e\x19\xcc\x8b\xcdx\xf5|\xfa\xf0\x8d\x8a\xbf\xb2/H\x158\xe10\x06\x0e'
2,sos,21-03-2012,WP500556FASD123,43,NO,WP500556FASD123002,b'\x94\x1a\x9d\xb8\x89`z\x1c\xb7K\xf1\xa2i\xa2\x11\x97 \x858%\xe23:\x0cD\xfbyv1\x0e\xe12'
3,sos,21-03-2012,WP500556FASD123,43,NO,WP500556FASD123003,b'#-\xfd\x89)$2\x0e\xbb\xe5\xe4c\xd4Q(qAo\xdc\xcb\x16\xfe\xff\x8a\x0f\xd7c5\xbbA\xb4\xaf'
4,sos,21-03-2012,WP500556FASD123,43,NO,WP500556FASD123004,"b""\x10Z_\x8fa\x17u\xdd\x8e\x03\xc2\x1e\x1f9f\xe8\x83\x92\x1b\xbd/\xd3\xdap+\x83\x15'\x0feQ\x04"""
5,sos,21-03-2012,WP500556FASD123,43,NO,WP500556FASD123005,b'w\xc6rt\xd0\x88\xc0%\xfa\xa4\xbekF\x11\xbe\x04|\xa5\x942\x10\xe9t\xe7\x98\x01\xd0\x89\xf0T4$'
6,sos,21-03-2012,WP500556FASD123,43,NO,WP500556FASD123006,"b""\x14\xb3\xfe\x84\xba\xde]U;\xee\xc1\xfd'*\xb7H\r\xa5s\xc6\x85\x02\xc6\x08\xf0T\xf2\xab<\xe6\xcf\x93"""
7,sos,21-03-2012,WP500556FASD123,43,NO,WP500556FASD123007,b'.o\x9d&\x9emJ \xa8L\x1f\x8aP\xa8\xff\xbc\xc4\x8f\xe7\xd9\xee\xa2\xe0\x9b\xe7\xbe\xa2\x88s{m:'
8,sos,21-03-2012,WP500556FASD123,43,NO,WP500556FASD123008,b'\x96\xa8\xab\xa7\xb4\x0e\xfc\xc5\x07avp\xf5D\x9a\xbe\xad\xd4N\xc1\xb8\x93\xb2\xd8s\x02\x1d\xa0T\xefU\xca'
9,sos,21-03-2012,WP500556FASD123,43,NO,WP500556FASD123009,"b'!b\xaa\xc7W\xa6\xa91,\x8c\x8e\xc2{\x06Y\xd07w\xe0\xb8\x05\xfa\xe9\x03\xd3\x18\xbd\x9f\x02\x95w\x7f'"
10,sos,21-03-2012,WP500556FASD123,43,NO,WP500556FASD123010,b'\x15W\xabA\xdc\xc1[uIe4^u\xda\x91+T\x93\xdc9\x8fQ\xa8\xa3\xe0#T\xac\xdf\xdf\xd3r'
11,sos,21-03-2012,WP500556FASD123,43,NO,WP500556FASD123011,b'Q\x0c\xeej)\xd2\xb6\xe2{\x1bd\xfeR\xfcy@f\xde$\xf0\x9a\xdc\x8b\xcbn\xae\x03;\xcdA\xf0\xa1'
12,sos,21-03-2012,WP500556FASD123,43,NO,WP500556FASD123012,b'\x1f\xb8\x9dVzyy\x9e\xf0}J\x07\x11fc\xc4~:lR\t\xf8\x7f\xe6\x1d(\xffJ\xda\x02)\x0c'
13,sos,21-03-2012,WP500556FASD123,43,NO,WP500556FASD123013,b' \r\x16\xa5\xb8\xd3M\xa6\xf2\xban\xdf_\xc1~\xda\xad\xc7\x0b\xb2\x85\x1d\xe3#u\x00\xad6\x7f\xe6l\xf1'
14,sos,21-03-2012,WP500556FASD123,43,NO,WP500556FASD123014,"b'\xc3v_\xf4?\xeb\x1f\xa2\xc0\xa6\xc6V\xe0\x80""\x0b\x96u\x0c>\xf3\xff\xaf;\x80\x80=!\xe3S\xea;'"
15,sos,21-03-2012,WP500556FASD123,43,NO,WP500556FASD123015,b'g\x95k\xa1F\x0e\xa9E\xbc\xd7\xc6\xab\xb9\x15\xe3w\xe20S<z6\x07\xc5\xc4\xca\xc3\xc0O\xb3\xaf\xdc'
16,sos,21-03-2012,WP500556FASD123,43,NO,WP500556FASD123016,b':\x82\xd8\r^y\xd7\xf1\xc2C\n\x8b\xc2w> \x8e\xfc\xb6_>|\x9f\xdf|\xa3F\xb4\xab\xd5\xa5\xd9'
17,sos,21-03-2012,WP500556FASD123,43,NO,WP500556FASD123017,b'\t0\xf1~\xb6\xdec=6j}\x19*;\xc8\xa3M\x91w\xea\x01\xf3\xc9io?\x90\x88\xac\xe6w\xd0'
18,sos,21-03-2012,WP500556FASD123,43,NO,WP500556FASD123018,b'\xa0\xfc\xe2\x1d\x89\xc7c;#}`\xfd?\x9bKS\xe2\x16b..\xabZ\xbc$\xf3\xc6\xb9\xd9\x96iW'
19,sos,21-03-2012,WP500556FASD123,43,NO,WP500556FASD123019,b':gs\x9d\xc9%\xfa\xe4\x93\x80\xdas\x02\xad\xf4\xb1\xd3}\xf9\xf3E\xb4\n\x06\\\xa9\xea\x8cU\x1f\xf9\xcd'
20,sos,21-03-2012,WP500556FASD123,43,NO,WP500556FASD123020,b'\x01\xd8\xbc~\xb5\xdd\xf6\xc1{\x93\xac\xf2qy]\xe0\x91\xc3xU\xbb\xb1\xbb\xe2\x18\r\xb0T\xfc:H8'
21,sos,21-03-2012,WP500556FASD123,43,NO,WP500556FASD123021,b'<\xcf}7\xf5\xe9\x99U \xa3\x94\x0cO\x01I\x04:\x1e\x03.\xfb\xfd\x8dY\xbc\xd8\x96\x86\xa9-\xa8\xb1'
22,sos,21-03-2012,WP500556FASD123,43,NO,WP500556FASD123022,b'\x8cA\xdf\xa1:\x13\xa4YB\x0c$\xdf\xbeC\xf05q\x825\xbbQk$-\xf3\x84\x9f!\n\xb3\x05\xd6'
23,sos,21-03-2012,WP500556FASD123,43,NO,WP500556FASD123023,b'\x0e\x92\xe94\x03\x97+U\x1f\x8f\xf6\xf0DGpG\x92\xf3\xc2\xae\xf4VG\x87\xaa\xf8\x81\xae\xe8\nt\x1d'
24,sos,21-03-2012,WP500556FASD123,43,NO,WP500556FASD123024,b'\tf\xfc\xb2\x02e\xab\xa2YY*\xcd\xf0\xb2\x83|\xa6\xce\xac\xc59\xa0\xc2-\xc1\xe8\x08^\x8bF)L'
25,sos,21-03-2012,WP500556FASD123,43,NO,WP500556FASD123025,b'\x06\xe9\xda\xf0s\xc8Wk\xe5\xfa!\xdaE\xb6f\x0f\xdd\x07D=U\xed\xb4\x99\xb52-$\xe1>\x1d\x0f'
26,sos,21-03-2012,WP500556FASD123,43,NO,WP500556FASD123026,b'`\x80O V\x05\x04n\x1e\x9eu\x97\x9e\xa0\xa0 o\x00\xc0E\xc2z%\xedg\xed\xc4D}\xaem\xb5'
27,sos,21-03-2012,WP500556FASD123,43,NO,WP500556FASD123027,b'\x00Bf\xd3Q\x957GX\x15X=\xe2\x954\xd3?\xbb\xe9P\x92\xa3\xd3\xd2\xb5\x95\xd6\x93\x00\n\xf5\xd5'
28,sos,21-03-2012,WP500556FASD123,43,NO,WP500556FASD123028,b'_\x15\xc4\xb2\x85Y\xbc\xfaM\x88sgM\x98Y\x8c\x13T\xe6\x82\xf1\xa4\x02\x85\xfe\xc6\xc5\xab\xe5\x1a\x124'
29,sos,21-03-2012,WP500556FASD123,43,NO,WP500556FASD123029,b'\xa7\xf4sDR\x8e3\x9bA\x15*:\xe2\xf3i[N\xb9K{TT\x86\x08\xd5=\x8b\xd2\xc3\xf2b\x16'
30,sos,21-03-2012,WP500556FASD123,43,NO,WP500556FASD123030,b'Q\xf0z\xe2\xfc<\x8d\xf2\x10+\xc5\xff\xeeV\x96l\x153H\xf2\x0f\x92\xb9>\xde\x1fb\xff\xf9\x07\xed\x9c'
31,sos,21-03-2012,WP500556FASD123,43,NO,WP500556FASD123031,"b""X%+\xd2K\x1e\xb5\x00^I5\x80'f\xbb%\x1b\xe8\x12\xf9\xce\xa9\t\xb8\xc3D\xa3`p{p\xbc"""
32,sos,21-03-2012,WP500556FASD123,43,NO,WP500556FASD123032,b'5\xf9%ji\x92l\x01\xd6\xe2aCi\xac\xfdCp\xca\x01e\xad\xb9\xcec\x05\xeeU\x98\t+\x10e'
33,sos,21-03-2012,WP500556FASD123,43,NO,WP500556FASD123033,b'\x17\xc4:#\xd8\xd0\x10#\xe8E_\xf5\xb95\x05\x9bV\x07]Es\x14v\xd0JM7\x96\x0cL.\xc9'
34,sos,21-03-2012,WP500556FASD123,43,NO,WP500556FASD123034,"b'd\xf9\x80s\x1e\\\xfe\x8bY\xcfw\xc3E\x12\xbd\x95\xbf\x07\x80\xd6J\xab""XO\x92\x00\xa7x\xb6L\x8c'"
35,sos,21-03-2012,WP500556FASD123,43,NO,WP500556FASD123035,b'M\x90\x06U\xd9|=\x83\x99\xd4+\xfc\xd3\x82\x96\x8a\xaa\xac\x08|\\\xd7\x9bP\xd4\xafr\x7f\xf6\xd6e\x87'
36,sos,21-03-2012,WP500556FASD123,43,NO,WP500556FASD123036,b'N\xad\xb4x\xa2#;\xdb\xb1W\xe4\xb0wd\x81\xa85\x15Pcn\x01\x97e\xa1a\xbf%\x84w\xb3\x9f'
37,sos,21-03-2012,WP500556FASD123,43,NO,WP500556FASD123037,b';\n4\xbbG\xbfCzy\x96\x0e\xe8w]I\xdc$\x06PS)\xea\x89\xe6\x93\x80\x80\xfb\xfd\xb1\x82\x88'
38,sos,21-03-2012,WP500556FASD123,43,NO,WP500556FASD123038,b'>\xe55\\[\x17\xe0:n\x91\xf5/\x8c<\x88\xbf\xb5\xf5\xbf\xcfsy\x861\xc7\x10fI\xde\xa2\x83c'
39,sos,21-03-2012,WP500556FASD123,43,NO,WP500556FASD123039,b'\x93\xb7\xe0\xd1\t\xd1\x02\x0ej\xe3q\xf0\n&\xb3\x18-+\x03|\xe1xDO\xc5R4\x14\xfb\x9d-7'
40,sos,21-03-2012,WP500556FASD123,43,NO,WP500556FASD123040,b'\x1f\n\xff\x1d\xf7|\xcd\xc7$\x1dt!\xb5\xd0v\xa3\xf5\xb8S\x891\xb7\xbf\xdf\xc4;\xbc\x1a\xa3f\x8a['
41,sos,21-03-2012,WP500556FASD123,43,NO,WP500556FASD123041,"b'aX,\xfb \xca\xbd\xd5M\xee\xd6\xc6\xb7s\xbb\xd3\x9dY\x9e\xcfH\xf9\xe6b\\\xc8\x7f\xfd\xc7\x12\x9f\x02'"
42,sos,21-03-2012,WP500556FASD123,43,NO,WP500556FASD123042,b'\xc3[\x11\xab\xd8\x87\xf1^\x12y]Vo\xde\x91\x1d\xd4\xfax\rNv\x84P\xbfdc_|B\xa8\x8c'
0,Product,12/1/2002,WP1239MG,124,NO,WP1239MG000,b'\xc5\x82\xd1W\xa6$\xf3*\x96f&\xc8\xb6\xb9\x16\xfb\x1a(\xd7Uj\xfe \x18\xc94\xc5\xab\xcfE\x91/'
1,Product,12/1/2002,WP1239MG,124,NO,WP1239MG001,"b'Ny\xad\x05MR\x91T\xb8\x0f\xa3\x13""\xcd\xd6\xc1v\xf9\x04\x9e\x9c^\x05\x07E7\xd2-;\xe4\x9e~'"
2,Product,12/1/2002,WP1239MG,124,NO,WP1239MG002,b'f2\x92\xa2\xfb\x8210:\xbb\xf1\x04{h\x05\xdc\x03\xda\xf3l\x00\xee`@\x9d\x1d\xb4\xd0}0\x7f\xbf'
3,Product,12/1/2002,WP1239MG,124,NO,WP1239MG003,b'\x01P\x97c\x13\xc5>:\x81y\xfc\x8f\xcb5o\r\xf5\x18G\xe7\xc0\xcc\xd2\x9b\xd1\x88\xed\xce\xc2\x82\xff\x83'
4,Product,12/1/2002,WP1239MG,124,NO,WP1239MG004,b'B\xa1\xa6\xd0\x98o\x85\xd6.s^5\x92\xfc\xba6\x9a\xa2}\x1e\xc2\t=\x8e\x98!g\xce\xb8\xae\x98\xa3'
5,Product,12/1/2002,WP1239MG,124,NO,WP1239MG005,"b""E%\xd1\x18ac\xdb\x187'[\xbe7\x97\x9d\xa7\xbd\xda\x9a\xa5\xd4\x98\x1e\x80c\x95\xdaV\x9aD(\xf6"""
6,Product,12/1/2002,WP1239MG,124,NO,WP1239MG006,b'\x07\x02\xfe\x88MWa\x82Bs\x80\x14\xf2V\x1b\xa1\xa1!&+\x9bI\x97f\x8b\x04BK\xdd\x04\xa7m'
7,Product,12/1/2002,WP1239MG,124,NO,WP1239MG007,b'e]\xae\xe1;\xdcx\t\x8a\xb8\xb9\x1ey\xe9tj\xa9\xaf\x9c\xc9\x96D\xe2\x15\xa0\x02\xb5\x87t\xe3\x12\xe6'
8,Product,12/1/2002,WP1239MG,124,NO,WP1239MG008,b'A\x9b\x04\x97\nK\xe4u\xb9\xf5+A\xc6\xd0\xf9Z\r\xa5|z\rC\xe3\x82\xa1B\x92\xa1M\x1a\xe0\x83'
9,Product,12/1/2002,WP1239MG,124,NO,WP1239MG009,"b""\xb9)\x92\xcb\xd3*\x84i\xbd\x15uV\xcb\x18\xcda\xa5@\xcf,\xc4\t\x1bv\xcb'1ddF\\\xad"""
10,Product,12/1/2002,WP1239MG,124,NO,WP1239MG010,"b""}(\xd3\x05O\x01\x1f=\xd0\x19F\x1dy\xcf\xb4f\xf1\x05\xadE\xf4-\r\x01\xb9\x80\x8a\xac'\xef\x06f"""
11,Product,12/1/2002,WP1239MG,124,NO,WP1239MG011,b'\x99\xff\xb0\xf3\xa1U\x83I\xc4\xa0\xf0\xb6\x90\xa7<\x10\x99\x99\x86ou\x1f\xbd\x88\xda\x13\xb7\xb7\x18\xb2\xbaG'
12,Product,12/1/2002,WP1239MG,124,NO,WP1239MG012,b'\x9a\\\x19*\x03\xed\xc1\x19udG\xf4M`\xc8\xda\xe1`c\xea*\xf2)\rh\x93\xd9\x8d\xc9h\t\xa5'
13,Product,12/1/2002,WP1239MG,124,NO,WP1239MG013,"b')\xf4""R\x17#\xce\xd3\x8a\xeb\xb0\xdf\x1c\xa3\x03DM}\xdc\xe7\x95X\x9a#\x9d\x0f\x7f\x05\xebL\xcd\x03'"
14,Product,12/1/2002,WP1239MG,124,NO,WP1239MG014,b'DkQ\xd2\xc9K\x0b\xda\xe1\xdd\xaf\xd5\xbb\xf0_\x07\xd0h\xdd\xff\xba?\x97k\x9b\xeen\xda\x04<b\x0c'
15,Product,12/1/2002,WP1239MG,124,NO,WP1239MG015,"b'\xb5\xf8\xbe\x934J\x18\xce\xcb\x90\xf1\xf1\x0b\xeer\xe5\x82#C""\x84\x00!CM\xa1\x8d\xab\xe9I \xa0'"
16,Product,12/1/2002,WP1239MG,124,NO,WP1239MG016,b'\x16:&\xe5S\x9b?\xe7\xf1*\x98\xf3\xe4KjT|\xb4\xadL\x1ee\x9b\xd5\x82\x1b\xac\xc3:\xcf\x98\xb7'
17,Product,12/1/2002,WP1239MG,124,NO,WP1239MG017,"b'\xae\xf9\x1aLy\x90\xa7\xdc\xe3\xc6\xd7Sh\xbb\xb0+<\xbbrUI\xd3\xb0\x05|\x07 \x1eb\xbb,|'"
18,Product,12/1/2002,WP1239MG,124,NO,WP1239MG018,b'-\xda\x15JJ\x89\xd3\xc5\xf8\xb2\xcc\xf1\x13\x9c\x91\xe9?\x8fy\x9b\x85O\x82\xd3\xac\xc6l\x0c\xf5!wg'
19,Product,12/1/2002,WP1239MG,124,NO,WP1239MG019,"b'\x87\xc6?]c\xd2O\x1d\x13}/\xb6V\xfd,\xa6\xc9\xa3\x07}R\xbf\x1d\x08\x1a~\xf8\xdcF\xaa\x92\x12'"
20,Product,12/1/2002,WP1239MG,124,NO,WP1239MG020,b'\x81o\x8f6\xa0w\x99\x17\xa3\x97\x86\x03\x92\x02\x1a\x80\xc9\x8f\xbe4l\xdcx8\xf2\xfa\xf9\xfaoX\xbc\x1a'
21,Product,12/1/2002,WP1239MG,124,NO,WP1239MG021,"b'""j\x19\xef\x069\xe9V\x92\xa6P*\x0c\xd0\x81\x85[7\xc2\r\xdce\x006\x06\xc3/2\xb1\x08\xc2\x00'"
22,Product,12/1/2002,WP1239MG,124,NO,WP1239MG022,b'\x91\xb3\x8c\x17\x13\x1b\x84\xec\xe0W\x8a\x00N\n\x1e<L\xdd\xb1\xad\xc2\xa5M\xdfGp\xa7\xe7U\x13m\x9d'
23,Product,12/1/2002,WP1239MG,124,NO,WP1239MG023,"b'\x88$\xd1\xfc\x95\xd3,+\\\xa1\x81\xb4%\x12\xbb\xb8\x05\x9b\xbcf\xa9o\xdfk\x85\xf9\x84f\xf7]\xde5'"
24,Product,12/1/2002,WP1239MG,124,NO,WP1239MG024,b'\x87!Y\xa5zN\xa6\xf1\xc6|\xbd1B3\x94\xf1\xfe:\\\xb7\x08s\x03=\x92\xc8\xb7\x8cO\x0bn\xeb'
25,Product,12/1/2002,WP1239MG,124,NO,WP1239MG025,b'9\x08\xc3\x01\x9chi\xb8g\x06.\xbay\xb9\xadl \xc9\xcdH\xdf\xfd\xd1\x87\xba\x83\xc6^c\xe1\xee\xe3'
26,Product,12/1/2002,WP1239MG,124,NO,WP1239MG026,b'<\x99\xd0\xf0\xaa\xc896)p\xf6\\\x16\xb4}nG5\xf9\xa6P;\xd1v*l\xba\xec\xbe\xc9\xc4\x13'
27,Product,12/1/2002,WP1239MG,124,NO,WP1239MG027,"b'\x84H\x89\x82@\x03\xd6A\xe3}\\E}\x9fN\xd0UK\x8a\x8a\xc8\x1a\xeb\xf5)\xc9\xde""\xa0d\xcc\x19'"
28,Product,12/1/2002,WP1239MG,124,NO,WP1239MG028,b'\x0c\xd8\xbd\xf3\x94}\xed\xbe7\xbc\x031\xcc\xa0;F}\x83\x1e\x0b\xd7\xc8\t>\xf6\x8a\xd7\x1c_\t\xd5\xaa'
29,Product,12/1/2002,WP1239MG,124,NO,WP1239MG029,"b'\xba\xaa\x03/\xda1\xe8\xa6$\x80&\xc4d[\xe6d>\x03\xb7\x8d\xd9\x0b\xfc/\x0c\xe6\xca,\xf1\xa7\xdd\x0e'"
30,Product,12/1/2002,WP1239MG,124,NO,WP1239MG030,"b'\xc6\xa3\xd1|`g_\xb7\xec&\xc8\x96dd\x1f\xd6g\xcdvH\xab\xde\xeb""\xd7\xa4\xa9\xce\xc417\xf8'"
31,Product,12/1/2002,WP1239MG,124,NO,WP1239MG031,b'\xc5\xe9\x82\xac<(\xc7X\xa9\x9f\xc4\xeb\x04\xf2\x14\x16\x9cZ\xc7\x07c\xa5+%Q}/\xad\xba\x9cX\xc8'
32,Product,12/1/2002,WP1239MG,124,NO,WP1239MG032,"b'\x07E\\\x05\xcb""07E\xeb]""G8D\xd2\x0f\xb0\xf1\xfd\xea\xeed5+\x81Q\x16\x00\x1f)\xd5'"
33,Product,12/1/2002,WP1239MG,124,NO,WP1239MG033,b'1\xdfSd\xd9#\x1e\xe7y[p\xae\xa3&h\xde\x19\xae\x87rf\xfe\xa22\xad\x13\xbe\x0ci\x82\xc8\x85'
34,Product,12/1/2002,WP1239MG,124,NO,WP1239MG034,b'fZ\xd6\xc7\xc9-%)\xc9\xd8\xc5\xeb\xc4\xb0\xbbM\x87\x9b`bC\xb4\xc5\xedp\x96\xef\xa24\x04pF'
35,Product,12/1/2002,WP1239MG,124,NO,WP1239MG035,b'\xb7\x81vg\xeb$k\xfc\x87S\xbbP\n\x8b\xcd}o\x90e&\x99\xcf\xce\xc8\xe7EE\x9cw\xfd\xe1\x94'
36,Product,12/1/2002,WP1239MG,124,NO,WP1239MG036,b'\xb1.\x9d\x05\x12K\xe3\xb6\x82\xf5t-\x17o\x8e\xb7Z;A\xa5B\x01\xffm&\xa4$^K\xca\xf3}'
37,Product,12/1/2002,WP1239MG,124,NO,WP1239MG037,b'K\xbf\x1b\xc6X\x01\x95\x8f/o\xe6\x01@\xcf\xc5 \xe3T\xa1\xaeo>\x1f\x98\xfc\xcc\xa8\xe3\xf0\x06\xdb\x10'
38,Product,12/1/2002,WP1239MG,124,NO,WP1239MG038,"b'0\x14\xe5\xbe\xa9\xd1,\xb7\x11\n\xf8\xa9\x8b\xf7b\x8f\x05d\xf1X\x9d}\xbd\x8f&e\xa8\xc4\xfd{\xf7\xaa'"
39,Product,12/1/2002,WP1239MG,124,NO,WP1239MG039,b'`U\xc1\xb5\x0e-\xa7o\x0e\x8f\x9b\x02\xb8J\xd8\x91\x11R/D|i\xed\x99E<\r\t{\x15\xef9'
40,Product,12/1/2002,WP1239MG,124,NO,WP1239MG040,b'\xa9\x1a?\x94\x9b\xd0\x1d)\xa6\xec\x0fl\nB\xef\x00\x9b\xd31\xc2~V\xe9\x99\xcch:\x16Ytp\xb9'
41,Product,12/1/2002,WP1239MG,124,NO,WP1239MG041,"b'i""\xb9\x19\xc2\x13\xe8\x14v\xa3`c\xaa\xe96\xf4E\r\xdf\x82\xda%\rQo}\x1a>\x0b\xfe\x9e\xf5'"
42,Product,12/1/2002,WP1239MG,124,NO,WP1239MG042,"b'\x1e\xf8\x10\xa8\xf9\xb2\xcd\x1aQPe\x00\xfe\x1f\xa6\x1fA\x10\xdbd3\x92\x87\xc0g""({y8uJ'"
43,Product,12/1/2002,WP1239MG,124,NO,WP1239MG043,b'\xa7m\xa2\xe0.B\x97\x84\x8b\x85\x05u\x1a\x96\x84\x18\xe1\x0be\xfe\xee\xdc\x88\xd9H\x82>[kUZ\xe1'
44,Product,12/1/2002,WP1239MG,124,NO,WP1239MG044,"b""\x17\xe9\xb9\xe5 #\xcd'\x99\xb0\xbc\xf9@\x03\xb9\xa3K_\xb8@\xcd\xfd\xbb\xa2h\xec}IV\xc2\xd4#"""
45,Product,12/1/2002,WP1239MG,124,NO,WP1239MG045,b'\x87F\x1f\xb4\xd4\xc9\xf9\x97\xdaQw\x1d\x0e\x06\x81\xf9\xc8aEx\xe0[\x98w\x81\xad\xbdc\x8fO\x1fC'
46,Product,12/1/2002,WP1239MG,124,NO,WP1239MG046,b'4chw\t\x02E\x00Vz3\xca\xb9\xbb\xe60\x08i\xb5\x9el\xc0\x86\xcc\xc6m\xeb\xaaF\x16\xa58'
47,Product,12/1/2002,WP1239MG,124,NO,WP1239MG047,b'\x82\x15\xcd T\x86I\xcc\xcfAx\x87\x19YY_]\xc1\xce+\x87\xa6I\xc0\x01\xc0\xd8Z\xab\xebt\x93'
48,Product,12/1/2002,WP1239MG,124,NO,WP1239MG048,"b'V\xd11&\xe0{R\xb7\xed\x02\xc7j-\x8bJF\xd7\xc20\xa4nF=\xa4\xb9,\xc3\x8dxz\xc6\xeb'"
49,Product,12/1/2002,WP1239MG,124,NO,WP1239MG049,b'\x87\xa2C{\xcc\x15\xab\x84Z\x8dU\x16k\x0cD\x11\x91\xd4\x11)\x83:\x0b\x1e\xcd\xecm:\xee\xfd\x0b\x13'
50,Product,12/1/2002,WP1239MG,124,NO,WP1239MG050,b'\x9b\xff\x9d\xccb\xbe\x1c\xeb\x89\xd2\xbf\xca\xe1\xb1q\x9e\x05\xc4\x98\xce\xb2w\xed\xb4Q\xe5\xc1J\xf1\xb2L\x96'
51,Product,12/1/2002,WP1239MG,124,NO,WP1239MG051,"b'u\xcfjQ\x8e\xd0\x8a\xcb\x0e;D^Uc\x9cJ\x9ai\x1d\xef\x7f\xdb\x10\xc0(\xe7\x0e\xeb\x16\xd6_""'"
52,Product,12/1/2002,WP1239MG,124,NO,WP1239MG052,b'\xbbAxF\x9bK>@\xf8\x1cx\x1c\x87\xfc\x00\xea\xbf\x95\x9d\xbds\x13\x19\x8b\xf6)\xfd\x9aX\xf9=\xd6'
53,Product,12/1/2002,WP1239MG,124,NO,WP1239MG053,"b""Z\xd16\x92'2\x14[?\\\r\xc9M\x0c\xc7n\x178\x10\xca\xa2\xd2\x0f\x90\\\xb2\x96\xd0\xf9Z\xba0"""
54,Product,12/1/2002,WP1239MG,124,NO,WP1239MG054,b'\xb4\xb6g\x80W\x06\x02j\xc7\xb7P\x03\xfe!\x81\xc7\x15\xd3\x8f\t&\xbfe2}&\x11\xcc\xf4\xcd\x0b\xda'
55,Product,12/1/2002,WP1239MG,124,NO,WP1239MG055,b'\x12\xb6\xb0\xd4\xf8\xf9A\x97\xb3\xee\x1f\x93\x0e\x9a\xc17\xe0d63Mh\x87\xcc\x8dU\x12\xfeR\xcfO\xbb'
56,Product,12/1/2002,WP1239MG,124,NO,WP1239MG056,b'xL\xba{\xa0\x10\xc4\xfe\xfe\xe3\xda\xc7S\x19E\xc5\xb4\xa18\xf3V\x11\xfc\xbb~\x83\xa0\x82F\x1e\x8cY'
57,Product,12/1/2002,WP1239MG,124,NO,WP1239MG057,b'$\xa3\xfb\x03\x8c@\xdd\xa7!\xda)l\xf4G\xa9n\xf9\x08\x16\x9b.q\xc4\x8eWl\xb7\xb4oE\nU'
58,Product,12/1/2002,WP1239MG,124,NO,WP1239MG058,b'\x94S\xbaHZ\x8b]\xbb~4\x80\x81\x9d\x01\x15R\x16|\x16\t\xe0\x9aO\x84\x94h_\xad\xc9\xdbl\xbe'
59,Product,12/1/2002,WP1239MG,124,NO,WP1239MG059,b'\x10\xef\x89\xc4k\xdda\x86D\xcbj\x98\xe1\x13\xe3\xeb\xc0\xb0\x13BAi|\xda:\xf7\xb5\xf2\xf4B\x872'
60,Product,12/1/2002,WP1239MG,124,NO,WP1239MG060,b'I\xab1\x16f\xc1\xf2\x94\x8e1\xd5\t]\xd3\xb6/\x0eX\x91\x91\x03Uv\xf4\x96\x0c\x8cr\x95\xab*\x8e'
61,Product,12/1/2002,WP1239MG,124,NO,WP1239MG061,b'z-\xcb\xa1\x05\xd7T\xf3\x19VH\xe85\x8aY\xfa\x9bE\xbb\x103<\xb0a\xa4)/\x94.\xbe*n'
62,Product,12/1/2002,WP1239MG,124,NO,WP1239MG062,"b'\x90\xef\x18\x8at5\xe3\x92\xd3\xe2\x9d*\xcc(\xd0\xc1<\xb7\xfdz\xa9""\xcajt\xf4\xfb\xabJ\x07@\x13'"
63,Product,12/1/2002,WP1239MG,124,NO,WP1239MG063,"b'ri\x06\xca\xc8\xda\x04N\xc2a@""io\xde\xfa\xfa\xc1\xc8\x9f\x85!\x19\xeb\xa7\xca\x81P\xfd\xa8\xe7\xf6'"
64,Product,12/1/2002,WP1239MG,124,NO,WP1239MG064,b'2\x06\xfa\xbd\xb3\r\x8c\xcf\xe2\xae\r\xcf\xda\xf62\xbb\xbb\xae\x8c\xd4\x92\xe4\xc3\xe6\x9c\x8a\xf7\xe9\x7f\xd9\xd7&'
65,Product,12/1/2002,WP1239MG,124,NO,WP1239MG065,"b'\x0fj\tj]\x87\xe4^\x01\x90$\x05\xf5\xbe\xbc\xeeb\xeeqA\xde\xd0\xe9\x8d\xb4\xbf\xafs\x96,\xc7['"
66,Product,12/1/2002,WP1239MG,124,NO,WP1239MG066,b'\x16\xc7\x08B\xaat\xa8w\xb5\xb2\xfc\x7f\xd3s\x1cV\xc7bJ\x9d\xc2\xa0\x8f\x07g\x1e\xac~\xf9\x1e\xe4E'
67,Product,12/1/2002,WP1239MG,124,NO,WP1239MG067,b'_\xd5\xb9\x1e\x9b\x10\xb2\x1c;j;\xffU\xf0\x86\t\xdcT\x88\xa2\xf3\x83\xbc\xa6m\xbb\xac\xdb\xc8\x87\xd7\xca'
68,Product,12/1/2002,WP1239MG,124,NO,WP1239MG068,"b'Mf3Q\x82\x95""g\x9a\\\x97M\xb8+|\xf0A\xfd6\x82d)>I\xa5""\x18]\x1d\xe5\xec\x88'"
69,Product,12/1/2002,WP1239MG,124,NO,WP1239MG069,"b"":\x84\xa6`c\xfb,\xfe\xf4\x01R!g5\x13\xc6#I\xec7\xba\x9f'\x86\x04\x11Q\x04\xfe\xda\x1bd"""
70,Product,12/1/2002,WP1239MG,124,NO,WP1239MG070,"b'\xbb\xfbX3\x91\x84,?\xa9<f\x05t\xca\xb9\xb1\x9bLw\x9f\x82\xcb\xbaZ\xa4\x81X\xc3\xe9\x8e!\x16'"
71,Product,12/1/2002,WP1239MG,124,NO,WP1239MG071,"b'\x07\xaf\x9c,\xcd\xe8\x83\xde\xfa\xe8\xe3~\x97a\x97\xe7\xc7\xbf\x07\xb8\xf7\xeb\x18\x06@\xb7N\xd02\xf0""\x05'"
72,Product,12/1/2002,WP1239MG,124,NO,WP1239MG072,"b""Y8\xd9p\x00\xcf\x1a\xfe\xc6p*\x97\xad%~\x1a\xd6\x94f\x06i\x89\xc3Bu'\xa7\xd9\x0fz\xf9\x93"""
73,Product,12/1/2002,WP1239MG,124,NO,WP1239MG073,"b'""S\xc5\xf2x0C~\xb3W\xbc~\xc0}5\xb6\xde\x97\xe1\xe0G\xe2\xb5\xc2\x06E\xce\xf6\x8f\x92\x1fC'"
74,Product,12/1/2002,WP1239MG,124,NO,WP1239MG074,b'i2\x95\xdf3!r\xd4b\x0b\x001\xcdA\x19\xdb\xa8\xcb\xd4\x98\xc8R\x8d\xf9\xd5\x0e\xad\xb1n\x86+\xa9'
75,Product,12/1/2002,WP1239MG,124,NO,WP1239MG075,"b""\x04\x197\x08\xa2(LGf?\x7fe\xa3\xd4\x80U_uE\x08\x0fl-(\x9aP\xac'\xbe\xe8\xfe\xe2"""
76,Product,12/1/2002,WP1239MG,124,NO,WP1239MG076,b'\x90r\xad\xa2=\x9b\x1c\x7f\xd44m\xb9]\xad\x1d\xed=G\xeb\xd2\xee\xbd\x03^\x0c\xc0\xac\x85\x84?O\x16'
77,Product,12/1/2002,WP1239MG,124,NO,WP1239MG077,b'v\xab\xc5+#\x89sh\xa5\xa6\x08\xbe\x90]6\xeb\x17\xb2\x9b\x85\xbbg|\xe6\x83}\xb8\xa1\x02\xc7\x8e\xe9'
78,Product,12/1/2002,WP1239MG,124,NO,WP1239MG078,b'\xae\xe9\xd9tF\xd0\xfc\x91g\xc6\x80I\x94V\x96w\xc0\x04I\xda\n\x97R3\xed\xfe\xeb\xddx\xca8.'
79,Product,12/1/2002,WP1239MG,124,NO,WP1239MG079,"b'b#\x9d\xfb\x96\xfe\x1e\x170d\xc7\xcd\xdd\x0b\x84K\xf2~\xa2M\xa5\xfc4\xa0b,0by\x83\xe7\xa9'"
80,Product,12/1/2002,WP1239MG,124,NO,WP1239MG080,"b'\xb2^\x0f\xec\xf9\x07\xd93\x91a\x99Or\x99\xad\x80\x86\x15\x1d<g\x98\xe0T\xf4<,\xc3\xdcXW)'"
81,Product,12/1/2002,WP1239MG,124,NO,WP1239MG081,b'>k\x1e\xf1)\xd9\xe4\x04B0\xcb\x1a\xde\xeb\x10\xdd\xfe\x1d&G\xc7#Q\xff\x933j^W\x8d\xbf\x9b'
82,Product,12/1/2002,WP1239MG,124,NO,WP1239MG082,"b'\xc9\x05\x1d8\x92KZ\xf6\xe4\xbd,)\xfdS\xdd+\xcb\xb0-\x14\xb6\xbb\x9d\xfd\xa7\'+""\x08\xc7x\x9f'"
83,Product,12/1/2002,WP1239MG,124,NO,WP1239MG083,b'm\x97\xccj\xe6\xe5\xea\x96\x8c\x9a\xd8=\xdd\xe1\x92\xf9\xacb\x9d\x10\x17b\x974\xf2\xbc\xbd\x13\xcf\x9bX\xd3'
84,Product,12/1/2002,WP1239MG,124,NO,WP1239MG084,"b'\xbc\x12\x95E)\xe2\xca&\xff\xb14a\x92[\x02\xe7\xb4B$e\xc0\xf7u\xb5,!\xd6\x06|\xcfp\x03'"
85,Product,12/1/2002,WP1239MG,124,NO,WP1239MG085,b'\xc9\xa9\x9aU68h\x85\xcf\x1b\xf9L\xb3V\x858\x02\xc9\r{\xf6\xc6\xabK\x1a\x0b\x150\xc8$\xcbq'
86,Product,12/1/2002,WP1239MG,124,NO,WP1239MG086,b'\x16\xe5\xef\xe3\xab\xa0\x17CK\xba\xf1yT9\xe9\xfca}\xa33W\x0b\xc3\xc7\x85\x89(\xdb\x16\xe6\xbb\r'
87,Product,12/1/2002,WP1239MG,124,NO,WP1239MG087,b'3\xb8\xb7\x8d\x94g\x1a\xe9\xc7\x8bg\xcdLv\xff\xe3G\xe1qC9\x84;\x1cHCD\x1f\x07\xed\xf7-'
88,Product,12/1/2002,WP1239MG,124,NO,WP1239MG088,b'w\xba~X\xd6n\x8f\xfe\xfa\xc0\x1a\xa2V\xa1O\x82p\xcb\t%\x9dP\x15\xdf\x0cD\xb8\xbf\xb7\xf7m\xad'
89,Product,12/1/2002,WP1239MG,124,NO,WP1239MG089,b'S\x96\xf0\xe5\xfe<\x1b\x0b\xc4\xa7\x96\xf2\xda\xe3\xdc\x0b\xc3Zy\xee\xe5\xf78\xe6\xe1\xf6\xd2\x1c\xc9|\xc0Z'
90,Product,12/1/2002,WP1239MG,124,NO,WP1239MG090,b'4o\xae\x19\xd0xz\x81`\xba\xf6m\x89!PP\x0b\xafCn\xa9\xef-\xd8 \xa2(w\x87\x94\x8c\xb5'
91,Product,12/1/2002,WP1239MG,124,NO,WP1239MG091,b']\xea/\x13\xa6\x84\x8d\xfc\xe9r\xb5\x055\xf5O\xdf\xb1H\xafv\xdd\xaf}\x00\xb0H\x80&+_Uf'
92,Product,12/1/2002,WP1239MG,124,NO,WP1239MG092,b'\xc3b\xfb[b\xe7Zrn\x81_\x1c\xf8\xcc\xebV\x16\xb7Ntqu\xc4Q\r?\x89\xdb\x01k 5'
93,Product,12/1/2002,WP1239MG,124,NO,WP1239MG093,"b'y\xab\x1cK~""$\xb2)%\xb4\x1d\xdaF}\xf9^\xa2\xbdB\xe9M\xf5\xb9\x98\xd1\xa0\xfb\x0e\x10\xd0\xb7'"
94,Product,12/1/2002,WP1239MG,124,NO,WP1239MG094,b' \xae-\xfdY\xa1\xbe\xefG\xb4\xe1DY@`~\x8a\xdd\x87\xd4\x07\xae\xd1?O\xf9\x17\x9e\x02\xab\xd1\x16'
95,Product,12/1/2002,WP1239MG,124,NO,WP1239MG095,b'\x02\xba\x049\xe8\x8cKa\x16\xe0\x88|\xb5\xdf\xd6\xee\x1c\x0b\t5)qUu?g\x01\x86D8w\xee'
96,Product,12/1/2002,WP1239MG,124,NO,WP1239MG096,"b'B\xb8\xeaU6B\x7f\x04+\xb6\xe2.,\xe0\xa8\xae\x05]\xdb\xa5\xfc[\x87\x80m\xe4A\xe2Y\n\x8f\xcd'"
97,Product,12/1/2002,WP1239MG,124,NO,WP1239MG097,b'\xb2\xac\x90\xba\x80\xbf\x1dG\xadY\xf8R\xd3-W\xa5\x11\x9c\xc7\xe5\xf5#\x82\x90\xebM\x82\xb9M\xa6g\xee'
98,Product,12/1/2002,WP1239MG,124,NO,WP1239MG098,b'\xb5\xcd\x00\x051.|P\x98\x05\xc5?\xbaX7\xf3\xfb1\xe7\xd5\xd6:X7j\xd0\x1e>\xe21J6'
99,Product,12/1/2002,WP1239MG,124,NO,WP1239MG099,b'*\xd5B\xbe\x04\x9a\xd7\xe3\x1e\x149v\xbf\xc4\xff\xd2\x925zF\x1bM\xd3)\x1b\xbc\x96k;\x1b\x93 '
100,Product,12/1/2002,WP1239MG,124,NO,WP1239MG100,b'[\x0c\xf8\x91\x17\xae\x93^\xf5\x83i\xa6\xc0\xc2\rY\xd7\x14\xb7\xdaK\xa9\xb0)\xb2\xdb\xd27/\x11\x18A'
101,Product,12/1/2002,WP1239MG,124,NO,WP1239MG101,b'\xc5D\xe6\x94\x8dv\xac\xd8\xcb\xcc\x89\xca\xe86\x03\xb4uE\xcd\xbe\x05\n\x1d\xb9#\xa0n\xd0\xa3\xb5oa'
102,Product,12/1/2002,WP1239MG,124,NO,WP1239MG102,b'D\x14h\xcf\x0b\xa6\xa5\x07\xab\xa4\xfa\xe8\xfd\xe7F\xbd?\x7f{<\x0f\xfc_+o\x8f\xda/r\xc9\xf9R'
103,Product,12/1/2002,WP1239MG,124,NO,WP1239MG103,b'\xb0\xbb\xa1\xd7\x1aDkt]Q\xbbU\xd4\xaat[\x08\x83\xf5\xba\x17\xa5\x83F;:8\\s@\x0e\xf3'
104,Product,12/1/2002,WP1239MG,124,NO,WP1239MG104,b'\xaf\xb0@V\x9a\x8eM\xe8\x16\x12\xd6@\x89W\xe4\xb9\xb7\x8cQs\xbbCt\xef9FH\x15z\xc8p\x00'
105,Product,12/1/2002,WP1239MG,124,NO,WP1239MG105,b'\x91\xc2\x01\xbc\xfe\xf2\xdc}\xb1\xb5\xca\xef\x9e\xee\x01\xef\x8a\xd8\xff\xcd\x07\x0fK\x85\xec\xa2\x03\x96\xce\xd5{J'
106,Product,12/1/2002,WP1239MG,124,NO,WP1239MG106,"b'y\xfa\xc1\xa3\xefR\xd2\xca\xdayjr_\xaeG\xc8\x02\xc3_\x98{\'\x17#""x\n\x02\'&\xe9@'"
107,Product,12/1/2002,WP1239MG,124,NO,WP1239MG107,b'Xy\x85q\x9fO.\xc8\x18\x0c~\x8a\xdc2\x86\x8b\x07i\xd4\x15\n\x99\xb4\xec\xd2\xd6\xffaE\x13\x1f\x82'
108,Product,12/1/2002,WP1239MG,124,NO,WP1239MG108,b'\xab\xff\xc8\x87a\x10\xf4\x82\xd8\xabz\xa5\xf0\xbc\xbb\x9a\xc8\x9f\xab\xb12}\x1b\xc5\x8eH\x1b\xa5\x90\xf5\x0cn'
109,Product,12/1/2002,WP1239MG,124,NO,WP1239MG109,b'\xa4\xec\xf6\x0e}-6\xc8\x88\xab7\xa2\xfb\xdd\x12\x85uI\x96Ls\xd5\x9f3\x93y\xdc\x90q\xaa\xe2>'
110,Product,12/1/2002,WP1239MG,124,NO,WP1239MG110,b'\r\xef\xbe\xdd\x16#\x85\xb8\x80\x14\x12\x16\x0b\x12\x81\xe5(\xfe\x868+\x88j)\xdd\x89\xba\x15\xd2\xaa\xef\xf1'
111,Product,12/1/2002,WP1239MG,124,NO,WP1239MG111,b'\xb39\xee\x0b\x89<\xc1\x82\xf1\xee\xfdqr\x83\x84\xd5tvZ?G\xd9\xf7\xa4\xd1\x94\x19\xe2!\xfb\x87;'
112,Product,12/1/2002,WP1239MG,124,NO,WP1239MG112,"b'\x19&\x16m\x14\x1eR\x14\xbf=C\x0c\xca\xb7,\xbe;\x89?\xdc\xdc\xa5\xad\xf7\xaf\xba\x1e\x8ak,\x86\x1a'"
113,Product,12/1/2002,WP1239MG,124,NO,WP1239MG113,b'\x99\xef\xff\x98\x93\xa9\xbdY\x0bth\x04m\x1dE\xed*\xae\xdeQ\x80\x1eV\xf7\x9e\xb4BW\xa1\xe5\\\x94'
114,Product,12/1/2002,WP1239MG,124,NO,WP1239MG114,"b'\x96\xc2}\xfd\x1e\xc6\x9f\x1dL-\xa1#e\xba\xba*j\xba\xd8\xa7\xcd\xdd\x03""~\xf8\x1d18s\x1a\xab'"
115,Product,12/1/2002,WP1239MG,124,NO,WP1239MG115,b'\xc4\xc8\xc2\xcd\xad;9;%\x81\xbe\x8f\x97\x9f\x8b\xb0\xc7QG\xb5\x17Q\x16J\x18\x17\x86\xc0\x14d\x18\x08'
116,Product,12/1/2002,WP1239MG,124,NO,WP1239MG116,"b'9j`\xf5\x9e\xf7\xedF\xc0""\xb2\xa0\xa0\x91\xf7\xb53\x05\xe8\xefz&e\n\xd6\xe0\xa9|\xdce\xf0\x88'"
117,Product,12/1/2002,WP1239MG,124,NO,WP1239MG117,b'\xa2\xcb\xa3\xcc\x11;6x \xa4\x14\x8d\xe0\xa5\xd5\x0b%\x10\xd2O\xe8\x11\xd4\x12\xc0\\\x0c}O\x8eW\xa9'
118,Product,12/1/2002,WP1239MG,124,NO,WP1239MG118,"b'.h\xa9\xdc\xae7\xf8\xbc\n[\x98\xb3\xd8#N\xad\x82Al\xe4\x80\xae\x13\xde=s""7\xa9\x07\r0'"
119,Product,12/1/2002,WP1239MG,124,NO,WP1239MG119,"b'h\xb3\xb3+\xe9!\xc1,O,\xcf\n\xe7Q\x16q\xa7\xc5\xe1C1\xc9LDwb\xbb\xe3\x87W\x17\x0b'"
120,Product,12/1/2002,WP1239MG,124,NO,WP1239MG120,b'\x14\x03O5\xda\x1d\xfc\xf1\x0f\xb5\xb78\xe6/\x0f\xc4\xff\x0c\x15\xe1\xa9?`\xce\xbb[\xf3a4\xbd7\x9a'
121,Product,12/1/2002,WP1239MG,124,NO,WP1239MG121,"b'Sn\xcc\xfa\xac\xb0\x1e\xcd\x85\x93p\x0f\x12I:\xf9U\xfa""\xbb3\xc1\xdd\xd8\xbe\'\xa0\x8e\x9d\xee\xd6\xa1'"
122,Product,12/1/2002,WP1239MG,124,NO,WP1239MG122,b'\x9b\x9c?\xdc\xb0)\x9c\xf7A6\xdf\xf1\xc0t\x8fc\xe0\xf0\x1ann\xd1\xd4$\xab\x1d\xe9\xbd\x0b\xeen$'
123,Product,12/1/2002,WP1239MG,124,NO,WP1239MG123,"b'9\xd3K3\xcc!,\xeb\x96\x144GV\x95\x90\xc6\x02\x00\xc0\xc7\x12\xf8\xa8\xe2\xb3Q\x88\xaa{EP\xa0'"
0,myname,12/2/2003,WP13NAJ89,56,NO,WP13NAJ89000,b'n\xd6.\x7f\xe5\xb7\xe4%\xb0\x02\xbe\x84|\rPU\xa7\x08\xe9\x95\xf1tu\x88\xa7\x96\xc2\xa3P\x98G\x12'
1,myname,12/2/2003,WP13NAJ89,56,NO,WP13NAJ89001,"b""\x93\xfdT\xbc:'\xe4\x1f\x1f\x89\xfb\n\xf4\xdbW\xaa\xe4\x97\xbdY}\xcc\xa82\xcfud0A\x0fzk"""
2,myname,12/2/2003,WP13NAJ89,56,NO,WP13NAJ89002,b'\x0e\xed\xf3{\x01\t\xe1\xf9N=\x84\x07\xec\xe8\xff\xaa\xe4n}\x99\xa2\n\x14\xd1L\xeb\x97\xe2K\xe6\xb8\xf6'
3,myname,12/2/2003,WP13NAJ89,56,NO,WP13NAJ89003,"b'L<""c\xb5\xcfA[\x07\xb8l\xdb~\xe02\x90\xcd\xecd\xbdC\x17T=\xb6L\xc3\x0c<\x02f\xa6'"
4,myname,12/2/2003,WP13NAJ89,56,NO,WP13NAJ89004,b'y\xab\xf5z\xea\xed\xeeq\x85\xc0\xfb\x00\xdc\x81<\x9e|/R0\x96n;Oc\xe6\x9c\xb5\xd8\xfe\t\xff'
5,myname,12/2/2003,WP13NAJ89,56,NO,WP13NAJ89005,"b'~\x84\xc1\x97\xc5\xce\xe4\x00z!""\xc9\xf9\xcf\xc1yx\xe5Cbj\x7fs<d}W\xaa\xa8\x86\xd7b'"
6,myname,12/2/2003,WP13NAJ89,56,NO,WP13NAJ89006,b'\x15\xe5\x02\xb0\xee\xaa\xdd\xbd\xce\xfb\xcbh7n\xcci\xec\xf7\xd2M>\xca\xcb\x845\x88Qd\xdaNnZ'
7,myname,12/2/2003,WP13NAJ89,56,NO,WP13NAJ89007,"b""\xc2\xa90\xe0\xe0\xd44F\x0ek\x8c\xe6\x86\x9d\xb2\x96e'V\xb6\x0fM\x9f\x8f\xac\xddX\xd9[\xd2d\x02"""
8,myname,12/2/2003,WP13NAJ89,56,NO,WP13NAJ89008,b'\x12[\x83\xd0eA\xfc\x7fH\x13\xd3\xc2\xa9\x83\xb9\xc1\xc8\xa9\xc0\x0b\xbdy\x94\x13\\JX\xb6=7?\x08'
9,myname,12/2/2003,WP13NAJ89,56,NO,WP13NAJ89009,b'\x11W\xf0\xc3j\x12r\x14\xa5d\x89\xdf\x93\x9b\x8a\xed\xb0h\x95\xc3o\x1b3\xe5\xe66\xf1\x83A\xdf$%'
10,myname,12/2/2003,WP13NAJ89,56,NO,WP13NAJ89010,"b""n,Hy\xb27\x99\xccc'O&&\xd4l\xfaT$\xe0\xdb\xf4\xca\xf2\x81\xb8\xffoJ`\xf3=2"""
11,myname,12/2/2003,WP13NAJ89,56,NO,WP13NAJ89011,b'\xbb\xe4\xc9\\8\x8f\x9e\x13\xc0.\x90\xf3(\xe6\xb5\x8c\xecB\xb2i\x7f\xfdw:U\xb6)\xac&+^b'
12,myname,12/2/2003,WP13NAJ89,56,NO,WP13NAJ89012,"b'\xc2\xda\xdfU\x9a\x04\xf7\x88\xc2\x0e""\x8f\x86\xa4\xac\x8c\xbf\xe6\x12;\xba*#\x8a\xd2\x97\xcb\xb1\x9c#\xff\xd4'"
13,myname,12/2/2003,WP13NAJ89,56,NO,WP13NAJ89013,"b'\xc8\x04\x8b\x91J\xdeo\x1c?\xe7\xfa>\xc0Vs_\xdb,7\xbe\xb2c\x13\xe4\xe3Z\xa1ko\xc3\xe1i'"
14,myname,12/2/2003,WP13NAJ89,56,NO,WP13NAJ89014,b'Q\xaee!\x7fP@w.u\x83\x80\xb8M|\xc7\x91Zk\x92\x01@\t\xfb*\x89P\xb3vPq\x0e'
15,myname,12/2/2003,WP13NAJ89,56,NO,WP13NAJ89015,"b""\x93'\xf0\x19\x96\xb3W9\xe10\xf4\xa7\xec\t\x0fc\x0e~I\xecX\xc7\xd7\x86\xd1\xe7_`[EW\x17"""
16,myname,12/2/2003,WP13NAJ89,56,NO,WP13NAJ89016,b'\xb6\xa0\x9f\xb1I.=e\n\xa43\xa9Q<\xe6\xc7&\x96\x15\x9e\\+\x15\x88\xdd\xa3!\xdf\xbbm\x18\x8f'
17,myname,12/2/2003,WP13NAJ89,56,NO,WP13NAJ89017,b':\xa5\xee\xe5\xd5\xc36\x05~J\xd66\xd3\x15\xea\x9e7\xc5\xb9f\xffn\xb0\xed!\x84R\xb0\xec\xb1\x84\x8d'
18,myname,12/2/2003,WP13NAJ89,56,NO,WP13NAJ89018,b'I{\x80\n\x0f\x9c\xda\x1f\x1dS}\x10\x136\xfd\x13\x14\xcaI\xa6\x91\x1a\xbe\xf7)\x9a\xadx[r\xe3\xe0'
19,myname,12/2/2003,WP13NAJ89,56,NO,WP13NAJ89019,b']\x01s \xeam\x99\xde\x83\xefX\x87\x02\xc3\xb9SD`\x93\xfe\x8f\x1d3\xcc\xc4\x88|\xf5\xc8=\xb6\x07'
20,myname,12/2/2003,WP13NAJ89,56,NO,WP13NAJ89020,"b""7BSb'\x19\x1d9\xeb\xdb2'\x98\xa7R\x87FV\x9f\x82\xd9|\xb1\x08\xc0R2tkh\xf4\xb7"""
21,myname,12/2/2003,WP13NAJ89,56,NO,WP13NAJ89021,"b'\x91U\xf9u\x11\xfc\x0f<\x1c\xef""\x90\xb5\xafu\xe4\x12.;\xc0\xf2v\xd9\xdc\x10$\xf8\xacZ\xd9\xb3\xd9'"
22,myname,12/2/2003,WP13NAJ89,56,NO,WP13NAJ89022,"b""\x8c$\x95\xf2\xffSY\xdcM\xc0;C\xec&\xa3\x08FN:\xd3d\xb7\xff'\xb4\xb4\xaf!\x8e\xb6\xf8\xb7"""
23,myname,12/2/2003,WP13NAJ89,56,NO,WP13NAJ89023,"b'\x1b\x08\xf3\nC\xd6\x1cj\x1a\xa8,\xf0\x07\n\xba(\xb7\x14\xae7\x9c!\x95\x88~\xb5R\xc0\xf6\xd7\x12\x0e'"
24,myname,12/2/2003,WP13NAJ89,56,NO,WP13NAJ89024,b'I\xd6\x88\xab\xc5|\x02\x11\x8b<\xc3F\xb6\x01\x90]T\x13\xbahF\xfd\xa0!\x9b\x94\xbf\x92`%\xdf\xec'
25,myname,12/2/2003,WP13NAJ89,56,NO,WP13NAJ89025,"b'\xcb\xe1\x17\xbbE\xed)\xc1\x95\xd4""\x18g$\x12\xed\xd4\x8a\x17s\xe1v\xb1\x12c\x8fY@\xb3\x0f\xa9\xc6'"
26,myname,12/2/2003,WP13NAJ89,56,NO,WP13NAJ89026,b'\x84\xbc\x98\x83\xd0\x19bm\x8f$\x89}o@\x99\x01\xed]v\xfb \xc1w\xfd\x80b<\x13\xf4\xc66\xcf'
27,myname,12/2/2003,WP13NAJ89,56,NO,WP13NAJ89027,b'\x82\xe4\xbdiG\xae\xe0\xc5o\xf8\x93\x81\xb7]G\x98I\xf1\x8eq\xf3!\x1d:}_d<\x9c@Op'
28,myname,12/2/2003,WP13NAJ89,56,NO,WP13NAJ89028,b'\x88Q\xcfH\xd7\xf4\xcd\x08.\x02\xb9\xf8\x8c\xbb\xc1:j\xaa\xd6\xa1(\xf6\xfe&\x1a\xf5\x95>*\xdc\x92\xcf'
29,myname,12/2/2003,WP13NAJ89,56,NO,WP13NAJ89029,b'~#y\x01\x99\xaa\xde\x9d\xa7Bt\x81\xbc [\xac\xe6\xec\xba:5\xcc\xb3\xb9C\x14\xdd\x1bsU\xef\xf0'
30,myname,12/2/2003,WP13NAJ89,56,NO,WP13NAJ89030,"b'$EvJ\x882\x84;\xc9\xc4\xa9B\xe0\x16)h\xebkQ\x1cR\xec\xcd\xefg""\x86\xc12T&5'"
31,myname,12/2/2003,WP13NAJ89,56,NO,WP13NAJ89031,b'Uk\x1d\xc9TP\x8f\xb2\xd5\xfe\xd2\xc1\xe5v\xe8$\xa6\xda\xef\x1ff\x88\xe9=\x9d\xa5\xdfHk\xa6\xc4\x8e'
32,myname,12/2/2003,WP13NAJ89,56,NO,WP13NAJ89032,"b',):m\xb7\xa9\x97\xacH\xeb\xb8\x8b\xe8R\xe8YB\x81;\x91*\\\x1643cI\xdb\xcd\xfe\xaa\xde'"
33,myname,12/2/2003,WP13NAJ89,56,NO,WP13NAJ89033,b'\x13i\x9fd&\xe4\xa7\xb8\x1f\x94C\xe9\xf4\x8cw\x94_\x90Cy\xe4<J\xd6b\x05\xb5\xa2_\xa6w\x83'
34,myname,12/2/2003,WP13NAJ89,56,NO,WP13NAJ89034,b'\x15w\x8f0l\xde)\xac*\xb2\xd7\xf8I\xff-\x08\xa8\xe6\x97?\xa2\x88\x85\xefb\xfd\x8b\xa4i\xb9\xeda'
35,myname,12/2/2003,WP13NAJ89,56,NO,WP13NAJ89035,"b""\\,\xfa\x85'I\x1b\xfd\xcdz\xdc9L4\xcb}\x89R\xa3\xde\xd1\xba\x19|\xc6fA\x14\xa9\x16,'"""
36,myname,12/2/2003,WP13NAJ89,56,NO,WP13NAJ89036,"b'E_\xb5\xac\xa4\x14-\xf5v1im\x9e\xe7\x93\x16\x9e\x9ao\xc5\xbc,\xe8 \xe5\x18alE^\xc1\xc5'"
37,myname,12/2/2003,WP13NAJ89,56,NO,WP13NAJ89037,b'\x02%(HF\x86\x8f^cu\xe1<\x1d\xef\x813\x11O<Y\x0c\xf2\xf24\x13\xf0\xcc\xf4\xed\x03\x0eF'
38,myname,12/2/2003,WP13NAJ89,56,NO,WP13NAJ89038,b'\x7f\xdc\x17\xa0\x04\x9a\xdf=\xce\x1c\xa9\x84g\xc5R\x9a%8\xf3\xcaTJOW\xa4p4\x99\x80\x90\xf4\xa6'
39,myname,12/2/2003,WP13NAJ89,56,NO,WP13NAJ89039,b'\xb2\x17\x8b\x13\x12\x92\x084\r\xf1-@\xd5\x9d;\xc1r\xd1\xee\x11.F\x15\x12\x99\xfe\x94\x1f8\xea_\xe3'
40,myname,12/2/2003,WP13NAJ89,56,NO,WP13NAJ89040,b'G\xc0\xcaa\xf0M=yg\xb5\x81\xf7\xf51@[\xfc3\r)V\xdb\xbd\xc3m\xbeI\xd8\xb2iVu'
41,myname,12/2/2003,WP13NAJ89,56,NO,WP13NAJ89041,b'Y\x9b\xdc\xf3\xe0S\x89\xa1\x14\xc4P$\xe45N\xb3\xac\x8d]%;6J \x9d\xbd\xd9\xa4O\xc0\xfb\x15'
42,myname,12/2/2003,WP13NAJ89,56,NO,WP13NAJ89042,"b'\xb6 \xa8U\'~\xd1\x1d=x\x1c\x85r\x0fW(\xfc\':\xd6\x02\xa3\xec\xf6-\xbf\xe0k\\""\xf5\xb8'"
43,myname,12/2/2003,WP13NAJ89,56,NO,WP13NAJ89043,b'\xc8\xae\x81\xc8\xcf\x1c\x95\x86\xb8\xf7\x91\xday\x12\n\xd9^\xd1k\xbd\xe9\xebf\xa4\x81\x01C\xec1#p!'
44,myname,12/2/2003,WP13NAJ89,56,NO,WP13NAJ89044,b'\xa9\xf4\xae?\x98]\xffq\x93pq\xaep\xc6\x03\xebuYB+wn\x07\xf8\xf0\x9c\x89~\x0f\xeb\xc4X'
45,myname,12/2/2003,WP13NAJ89,56,NO,WP13NAJ89045,b'\xadX\xa1\xde}\xe79&\xdc\xb5p\xd2\xe7>\x93\xces\x82@\xdc\xa7)\xcc\x84\x19\x9b\x1b\n\r3\xfay'
46,myname,12/2/2003,WP13NAJ89,56,NO,WP13NAJ89046,b'\xa5\r@\x04&/\xec+L\xbf\xa4\xf1\xa1\x89\xd9\xd7\x87\x0e\xees\xd8GS\x926\xd9\xcbL\x0f1)\xa2'
47,myname,12/2/2003,WP13NAJ89,56,NO,WP13NAJ89047,b']\x96\xffy\xbd\x82\xc9\xba\x1c\x81W9\xb9\xa0&\xd5\xdan\xc7\x95v\xcb\x87-\xa0\\\x90\x88X}&F'
48,myname,12/2/2003,WP13NAJ89,56,NO,WP13NAJ89048,b'\x92\xd5\x14\x97\xea\r\xe5\xb0\xa0\x8f\xddl4\xeaI\xee\xb6f\x9b\x81\xd1O\x12\xadY\xb3\x93\xa7\xeb\xc6\x16\x0f'
49,myname,12/2/2003,WP13NAJ89,56,NO,WP13NAJ89049,"b'p\x014O\xc1\x8c\xd7\x16\x8d\xf2\n\xd1\t\xe7\xe0\xb7Q\xe0\x98,\xd0<\xe5VKB\x07\xea\xf4\xf5T\xf1'"
50,myname,12/2/2003,WP13NAJ89,56,NO,WP13NAJ89050,b'\x80\x08\x03sj\x9e\xe7\xccG\x82\x9d\xa1\x1b\xffm.\xe4\xc3*\xe7\xce\xfab\x1e\x82\xf6\xe4\xed\xeb\xa0C\x94'
51,myname,12/2/2003,WP13NAJ89,56,NO,WP13NAJ89051,b'A/\x15\xda\xd8ni1\xa6%\xc5C\x7fA]\xfd\xe5{\xca\xfc\x0f\xa1\x1a*_\x08\x0f\xfa\x85\xc1@\xca'
52,myname,12/2/2003,WP13NAJ89,56,NO,WP13NAJ89052,b'L\xad*\x16:\xc5\x03\xd7\xb1\n@\x84\xfaj\x8aeZ\xfcrE\xa7\xf2>\xe7\x18y\xacqvz\xb1^'
53,myname,12/2/2003,WP13NAJ89,56,NO,WP13NAJ89053,b'\xbe]\xf4 \xbc2\xa0\xba\xe4\xfc@\xe6\xa3~T\xef\xba*`\xdd=\xd2S\xd4Ew\x16$\xbfG\xe1<'
54,myname,12/2/2003,WP13NAJ89,56,NO,WP13NAJ89054,b'V\x19R\xd0\xaf\xdd6e7\xa2\xc9\x12\xdcv\x94\xd3_RU\xfb\xe2>\x0b\x1ccl\x8a\x13\x87\xdd\xc2&'
55,myname,12/2/2003,WP13NAJ89,56,NO,WP13NAJ89055,"b'\x99\xea\x92\xec\xff\x7f\x07NCB5\xea0\x9c\xde\x92\x06q\xc0\xca\x05o\\6z\x9d[_\xdc\xf4""\xc0'"
